<?xml version="1.0" encoding="UTF-8"?>
<project-private xmlns="http://www.netbeans.org/ns/project-private/1">
    <editor-bookmarks xmlns="http://www.netbeans.org/ns/editor-bookmarks/2" lastBookmarkId="0"/>
    <open-files xmlns="http://www.netbeans.org/ns/projectui-open-files/2">
        <group>
            <file>file:/var/home/lujafrik/Documentos/GitHub/Portafolio/Java/POO/RoblesLuisJavier/src/roblesluisjavier/Paquete.java</file>
            <file>file:/var/home/lujafrik/Documentos/GitHub/Portafolio/Java/POO/RoblesLuisJavier/src/roblesluisjavier/PaqueteMontaña.java</file>
            <file>file:/var/home/lujafrik/Documentos/GitHub/Portafolio/Java/POO/RoblesLuisJavier/src/roblesluisjavier/RoblesLuisJavier.java</file>
            <file>file:/var/home/lujafrik/Documentos/GitHub/Portafolio/Java/POO/RoblesLuisJavier/src/roblesluisjavier/PaquetePlaya.java</file>
        </group>
    </open-files>
</project-private>
